data type,trimming,aligner,YABA,YABB,YABC,YABD,YABA_YABC,YABA root,YABB root
aa,none,mafft,92,79,85,51,47,,100
aa,none,clustal iter2,98,85,98,,69,,100
aa,none,macse,97,83,91,93,,,81
aa,none,muscle,51,85,78,83,58,51,
aa,trimal 20%,mafft,91,82,92,48,52,,92
aa,trimal 20%,clustal iter2,98,88,97,95,64,,66
aa,trimal 20%,macse,82,95,91,96,,,86
aa,trimal 20%,muscle,88,78,56,21,44,,60
aa,hmmcleaner,mafft,79,34,87,64,57,,77
aa,hmmcleaner,clustal iter2,87,32,98,80,68,,80
aa,hmmcleaner,macse,27,76,90,59,45,27,
aa,hmmcleaner,muscle,49,74,86,92,52,49,
aa domain,none,mafft,29,67,78,95,30,,61
aa domain,none,clustal iter2,32,38,76,44,,,97
aa domain,none,macse,69,77,80,61,,,83
aa domain,none,muscle,62,74,79,58,,,74
aa domain,trimal 20%,mafft,30,67,81,88,32,,61
aa domain,trimal 20%,clustal iter2,83,91,83,86,41,,96
aa domain,trimal 20%,macse,71,82,73,44,,,69
aa domain,trimal 20%,muscle,55,74,75,60,,,69
aa domain,hmmcleaner,mafft,35,92,84,91,31,,89
aa domain,hmmcleaner,clustal iter2,32,92,78,88,39,,90
aa domain,hmmcleaner,macse,75,73,84,69,,,86
aa domain,hmmcleaner,muscle,65,57,79,56,,,81
nt-3,none,mafft,93,47,79,56,70,,62
nt-3,none,clustal iter2,79,86,83,100,51,79,
nt-3,none,macse,85,43,55,55,25,,52
nt-3,none,muscle,86,89,79,64,60,,64
nt-3,trimal 20%,mafft,94,51,76,60,64,,87
nt-3,trimal 20%,clustal iter2,88,63,80,18,58,,68
nt-3,trimal 20%,macse,86,86,67,54,28,,66
nt-3,trimal 20%,muscle,90,90,85,90,69,,71
nt-3,hmmcleaner,mafft,60,90,100,52,52,,60
nt-3,hmmcleaner,clustal iter2,81,76,96,51,47,81,
nt-3,hmmcleaner,macse,68,83,100,100,45,,89
nt-3,hmmcleaner,muscle,91,89,84,97,94,91,
nt-3 domain,none,mafft,67,71,74,98,36,,66
nt-3 domain,none,clustal iter2,44,71,73,98,27,,55
nt-3 domain,none,macse,50,63,72,98,38,,60
nt-3 domain,none,muscle,40,68,77,97,32,,22
nt-3 domain,trimal 20%,mafft,71,69,78,96,39,,70
nt-3 domain,trimal 20%,clustal iter2,49,66,68,98,19,,67
nt-3 domain,trimal 20%,macse,46,63,70,98,32,,61
nt-3 domain,trimal 20%,muscle,46,51,48,97,37,,25
nt-3 domain,hmmcleaner,mafft,70,71,73,95,29,,88
nt-3 domain,hmmcleaner,clustal iter2,65,64,76,99,35,,83
nt-3 domain,hmmcleaner,macse,57,57,82,97,47,,73
nt-3 domain,hmmcleaner,muscle,47,66,78,98,38,,44
codon domain,none,mafft,99,48,98,100,92,,97
codon domain,none,clustal iter2,99,34,98,100,95,,97
codon domain,none,macse,99,95,99,100,94,,99
codon domain,none,muscle,99,50,98,100,93,,95
codon domain,trimal 20%,mafft,99,96,99,99,95,,92
codon domain,trimal 20%,clustal iter2,99,36,99,99,95,,97
codon domain,trimal 20%,macse,100,96,99,100,95,,95
codon domain,trimal 20%,muscle,99,46,97,100,93,,96
codon domain,hmmcleaner,mafft,99,37,98,100,92,,99
codon domain,hmmcleaner,clustal iter2,99,30,98,100,94,,97
codon domain,hmmcleaner,macse,99,93,99,100,93,,98
codon domain,hmmcleaner,muscle,99,44,98,100,92,,96
