SGTW_2038222_Ginkgo_biloba_YABA	Ginkgo_biloba
MT557796_Picea_abies_YABA	Picea_abies
MT557794_Pinus_taeda_YABA	Pinus_taeda
GGEA_2065499_Cedrus_libani_YABA	Cedrus_libani
IOVS_2054392_Pseudotsuga_menziesii_YABA	Pseudotsuga_menziesii
VSRH_2054068_Abies_lasiocarpa_YABA	Abies_lasiocarpa
AQFM_2079843_Pseudolarix_amabilis_YABA	Pseudolarix_amabilis
GAMH_2053024_Tsuga_heterophylla_YABA	Tsuga_heterophylla
LN871580_Taxus_globosa_YABA	Taxus_globosa
EFMS_2011421_Torreya_taxifolia_YABA	Torreya_taxifolia
SEGI_22233_Sequoiadendron_giganteum_YABA	Sequoiadendron_giganteum
HOUF_2008173_Cryptomeria_japonica_YABA	Cryptomeria_japonica
CYCAS_008411_YABA	Cycas_micholitzii
CYCAS_007102_YABA	Cycas_micholitzii
KAWQ_2053975_Stangeria_eriopus_YABA	Stangeria_eriopus
WLIC_2119747_Dioon_edule_YABA	Dioon_edule
GNQG_2084875_Encephalartos_barteri_YABA	Encephalartos_barteri
CYCAS_022386_YABC	Cycas_rumphii
XZUY_2001014_Cycas_micholitzii_YABC	Cycas_micholitzii
WLIC_2118877_Dioon_edule_YABC	Dioon_edule
GNQG_2006728_Encephalartos_barteri_YABC	Encephalartos_barteri
LN871575_Ginkgo_biloba_YABC	Ginkgo_biloba
XLGK_2057439_Podocarpus_rubens_YABC	Podocarpus_rubens
ZQWM_2088623_Lagarostrobos_franklinii_YABC	Lagarostrobos_franklinii
CDFR_2060093_Manoao_colensoi_YABC	Manoao_colensoi
DSXO_2008516_Cryptomeria_japonica_YABC	Cryptomeria_japonica
EFMS_2079989_Torreya_taxifolia_YABC	Torreya_taxifolia
NPRL_2118154_Cathaya_agryrophylla_YABC	Cathaya_argyrophylla
MT557797_Picea_abies_YABC	Picea_abies
MT557813_Picea_smithiana_YABC	Picea_abies
IIOL_2013281_Pinus_parviflora_YABC	Pinus_parviflora
LN871577_Pseudotsuga_menziesii_YABC	Pseudotsuga_menziesii
GTHK_2009293_Gnetum_montanum_YABC	Gnetum_montanum
TOXE_2059736_Welwitschia_mirabilis_YABC	Welwitschia_mirabilis
Af03G134500_Aristolochia_fimbriata_INO	Aristolochia_fimbriata
ATR1091G097_Amborella_trichopoda_INO	Amborella
Nyth24944_Nymphaea_thermarum_INO	Nymphaea_thermarum
Nymphaea_colorata_INO	Nymphaea_colorata
ptg002967l.1_augustus_arabido_INO_g2t2	Arabidopsis_thaliana
Aqoxy3G02889_Aquilegia_oxysepala_INO	Aquilegia_oxysepala
arabido_INO	Arabidopsis_thaliana
Phaseolus_vulgaris_INO	Phaseolus_vulgaris
GSVIVG01013778001_Vitis_vinifera_INO	Vitis_vinifera
EL10Ac6g13704_Beta_vulgaris_INO	Beta_vulgaris
ECA246G4000_Erigeron_canadensis_INO	Erigeron_canadensis
coffea_arabica_INO_g1.t1_g1.t2	Coffea_arabica
Af02G072800_Aristolochia_fimbriata_FIL	Aristolochia_fimbriata
Aqoxy7G00718_Aquilegia_oxysepala_FIL	Aquilegia_oxysepala
AT2G45190_Arabidopsis_thaliana_FIL	Arabidopsis_thaliana
ECA236G3845_Erigeron_canadensis_FIL	Erigeron_canadensis
PGSC0003DMG400025969_Solanum_tuberosum_FIL	Solanum_tuberosum
Cc00_g13830_Coffea_canephora_FIL	Coffea_canephora
Phvul.010G079200_Phaseolus_vulgaris_FIL	Phaseolus_vulgaris
GSVIVG01001269001_Vitis_vinifera_FIL	Vitis_vinifera
ptg000063l.71_Illicium_verum_FIL	Illicium_verum
ATR1152G046_Amborella_trichopoda_FIL	Amborella
nymphaea_colorata_FIL	Nymphaea_colorata
NC_045141_Nymphea_thermarum_FIL	Nymphaea_thermarum
Af07G024800_Aristolochia_fimbriata_CRC	Aristolochia_fimbriata
MN709147_Aristolochia_manshuriensis_CRC	Aristolochia_manshuriensis
Aqoxy3G00537_Aquilegia_oxysepala_CRC	Aquilegia_oxysepala
EL10Ac6g15025_Beta_vulgaris_CRC	Beta_vulgaris
GSVIVG01012246001_Vitis_vinifera_CRC	Vitis_vinifera
Cc11_g11750_Coffea_canephora_CRC	Coffea_canephora
PGSC0003DMG400028360_Solanum_tuberosum_CRC	Solanum_tuberosum
Phvul.003G039800_Phaseolus_vulgaris_CRC	Phaseolus_vulgaris
AT1G69180_Arabidopsis_thaliana_CRC	Arabidopsis_thaliana
ECA246G3759_Erigeron_canadensis_CRC	Erigeron_canadensis
XM_023875587_heliantus_CRC	Helianthus_annuus_subsp._annuus
ptg000706l.62_Illicium_verum_CRC	Illicium_verum
ATR0827G016_Amborella_trichopoda_CRC	Amborella
Nymphaea_colorata_CRC	Nymphaea_colorata
nymphaea_thermarum_CRC_corrected	Nymphaea_thermarum
Af01G026600_Aristolochia_fimbriata_YAB5	Aristolochia_fimbriata
Aqoxy7G03677_Aquilegia_oxysepala_YAB5	Aquilegia_oxysepala
AT2G26580_Arabidopsis_thaliana_YAB5	Arabidopsis_thaliana
EL10Ac8g18683_Beta_vulgaris_YAB5	Beta_vulgaris
Cc06_g08310_Coffea_canephora_YAB5	Coffea_canephora
Phvul.003G166100_Phaseolus_vulgaris_YAB5	Phaseolus_vulgaris
PGSC0003DMG400030904_Solanum_tuberosum_YAB5	Solanum_tuberosum
GSVIVG01015567001_Vitis_vinifera_YAB5	Vitis_vinifera
ECA234G3391_Erigeron_canadensis_YAB5	Erigeron_canadensis
ptg001084l.4_Illicium_verum_YAB5	Illicium_verum
ATR1120G104_Amborella_trichopoda_YAB5	Amborella
Nyth34502_Nymphaea_thermarum_YAB5	Nymphaea_thermarum
Af05G185300_Aristolochia_fimbriata_YAB2	Aristolochia_fimbriata
Aqoxy1G00610_Aquilegia_oxysepala_YAB2	Aquilegia_oxysepala
AT1G08465_Arabidopsis_thaliana_YAB2	Arabidopsis_thaliana
EL10Ac7g16274_Beta_vulgaris_YAB2	Beta_vulgaris
Phvul.011G100300_Phaseolus_vulgaris_YAB2	Phaseolus_vulgaris
Cc01_g07860_Coffea_canephora_YAB2	Coffea_canephora
PGSC0003DMG400002988_Solanum_tuberosum_YAB2	Solanum_tuberosum
GSVIVG01037533001_Vitis_vinifera_YAB2	Vitis_vinifera
Illicium_floridanum_YAB2	Illicium_floridanum
Nymphaea_colorata_YAB2	Nymphaea_colorata
Nyth27709_Nymphaea_thermarum_YAB2	Nymphaea_thermarum
ATR0697G223_Amborella_trichopoda_YAB2	Amborella
GNQG_2084490_Encephalartos_barteri_YABD	Encephalartos_barteri
LN871582_Zamia_vazquezii_YABD	Zamia_vazquezii
KAWQ_2011477_Stangeria_eriopus_YABD	Stangeria_eriopus
LN871570_Cycas_rumphii_YABD	Cycas_rumphii
FRPM_2056760_Calocedrus_decurrens_YABD	Calocedrus_decurrens
HOUF_2104850_Cryptomeria_japonica_YABD	Cryptomeria_japonica
LN871579_Podocarpus_reichei_YABD	Podocarpus_matudae_var._reichei
XTZO_2061022_Metasequoia_glyptostroboides_YABD	Metasequoia_glyptostroboides
MIXZ_2003483_Agathis_robusta_YABD	Agathis_robusta
Gnetum_gnemon_YABD	Gnetum_gnemon
VDAO_2030261_Ephedra_sinica_YABD	Ephedra_sinica
LN871572_Ephedra_distachya_YABD	Ephedra_distachya
Wm7004.a02.313.g00180_Welwitschia_mirabilis_YABD	Welwitschia_mirabilis
TOXE_2011456_Welwitschia_mirabilis_YABD	Welwitschia_mirabilis
LN871574_Ginkgo_biloba_YABD	Ginkgo_biloba
LN871573_Ginkgo_biloba_YABD	Ginkgo_biloba
LN871571_Ephedra_distachya_YABB	Ephedra_distachya
SRX7580805_Ephedra_sinica_YABB	Ephedra_sinica
MFTM_2008724_Pinus_jeffreyi_YABB	Pinus_jeffreyi
DZQM_2011000_Pinus_radiata_YABB	Pinus_radiata
MT557804_Cathaya_argyrophylla_YABB	Cathaya_argyrophylla
MT557798_Picea_abies_YABB	Picea_abies
MT557805_Pseudotsuga_menziesii_YABB	Pseudotsuga_menziesii
GAMH_2004073_Tsuga_heterophylla_YABB	Tsuga_heterophylla
AQFM_2078156_Pseudolarix_amabilis_YABB	Pseudolarix_amabilis
NKIN_2045985_Thujopsis_dolabrata_YABB	Thujopsis_dolabrata
Thupl29377238s0018_Thuja_plicata_YABB	Thuja_plicata
BUWV_2009738_Platycladus_orientalis_YABB	Platycladus_orientalis
RMMV_2005731_Callitris_macleayana_YABB	Callitris_macleayana
AUDE_2052541_Widdringtonia_cedarbergensis_YABB	Widdringtonia_cedarbergensis
YYPE_2009774_Austrocedrus_chilensis_YABB	Austrocedrus_chilensis
ETCJ_2053114_Pilgerodendron_uviferum_YABB	Pilgerodendron_uviferum
XM_057992526_Cryptomeria_japonica_YABB	Cryptomeria_japonica
SEGI_14550_Sequoiadendron_giganteum_YABB	Sequoiadendron_giganteum
EFMS_2014223_Torreya_taxifolia_YABB	Torreya_taxifolia
